id,rating
0,3.64
1,3.64
2,3.64
3,3.64
4,3.64
5,3.64
6,3.64
7,3.63
8,3.64
9,3.64
10,3.31
11,3.32
12,3.32
13,3.31
14,3.32
15,3.32
16,3.32
17,3.32
18,3.31
19,3.31
20,4.18
21,4.18
22,4.17
23,4.17
24,4.18
25,4.17
26,4.18
27,4.17
28,4.17
29,4.17
30,3.54
31,3.54
32,3.54
33,3.54
34,3.54
35,3.54
36,3.54
37,3.54
38,3.54
39,3.54
40,3.91
41,3.91
42,3.91
43,3.91
44,3.91
45,3.91
46,3.91
47,3.91
48,3.91
49,3.91
50,3.84
51,3.84
52,3.84
53,3.84
54,3.84
55,3.84
56,3.84
57,3.84
58,3.84
59,3.84
60,3.0
61,3.0
62,3.0
63,3.0
64,3.0
65,3.0
66,3.0
67,3.0
68,3.0
69,3.0
70,3.73
71,3.72
72,3.73
73,3.73
74,3.73
75,3.72
76,3.73
77,3.72
78,3.72
79,3.73
80,4.15
81,4.15
82,4.15
83,4.16
84,4.16
85,4.15
86,4.16
87,4.16
88,4.16
89,4.15
90,3.84
91,3.84
92,3.84
93,3.84
94,3.84
95,3.84
96,3.84
97,3.84
98,3.84
99,3.84
100,4.23
101,4.23
102,4.23
103,4.23
104,4.23
105,4.23
106,4.23
107,4.23
108,4.23
109,4.23
110,3.43
111,3.43
112,3.43
113,3.43
114,3.43
115,3.43
116,3.43
117,3.43
118,3.43
119,3.43
120,4.13
121,4.14
122,4.12
123,4.13
124,4.13
125,4.13
126,4.13
127,4.14
128,4.13
129,4.14
130,4.0
131,4.0
132,4.0
133,4.0
134,4.0
135,4.0
136,4.0
137,4.0
138,4.0
139,4.0
140,4.11
141,4.11
142,4.11
143,4.11
144,4.11
145,2.87
146,2.87
147,2.87
148,2.87
149,2.87
150,4.11
151,4.11
152,4.11
153,4.11
154,4.11
155,3.76
156,3.76
157,3.75
158,3.76
159,3.76
160,3.96
161,3.95
162,3.95
163,3.96
164,3.95
165,3.96
166,3.95
167,3.95
168,3.96
169,3.95
170,3.79
171,3.78
172,3.78
173,3.78
174,3.78
175,3.78
176,3.78
177,3.78
178,3.78
179,3.79
180,3.87
181,3.87
182,3.87
183,3.86
184,3.87
185,3.87
186,3.85
187,3.86
188,3.86
189,3.86
190,4.15
191,4.15
192,4.15
193,4.15
194,4.15
195,4.15
196,4.15
197,4.15
198,4.15
199,4.15
200,4.09
201,4.09
202,4.09
203,4.09
204,4.09
205,4.09
206,4.09
207,4.09
208,4.09
209,4.08
210,4.1
211,4.1
212,4.0
213,4.0
214,4.0
215,4.0
216,4.0
217,4.0
218,4.0
219,4.0
220,4.47
221,4.47
222,4.47
223,4.47
224,4.47
225,4.47
226,4.47
227,4.47
228,4.47
229,4.47
230,4.24
231,4.24
232,4.24
233,4.24
234,4.24
235,4.24
236,4.24
237,4.24
238,4.24
239,4.24
240,3.97
241,3.97
242,3.97
243,3.97
244,3.97
245,3.97
246,3.97
247,3.97
248,3.97
249,3.97
250,3.96
251,3.97
252,3.96
253,3.96
254,3.96
255,3.96
256,3.96
257,3.96
258,3.96
259,3.96
260,4.04
261,4.04
262,4.04
263,4.04
264,4.04
265,4.04
266,4.04
267,4.04
268,4.04
269,4.04
270,3.5
271,3.5
272,3.5
273,3.5
274,3.5
275,3.5
276,3.5
277,3.5
278,3.5
279,3.49
280,3.95
281,3.95
282,3.95
283,3.95
284,3.95
285,3.95
286,3.95
287,3.95
288,3.95
289,3.95
290,4.24
291,4.24
292,4.23
293,4.24
294,4.23
295,4.24
296,4.24
297,4.24
298,4.24
299,4.24
300,3.42
301,3.43
302,3.42
303,3.41
304,3.41
305,3.42
306,3.41
307,3.42
308,3.42
309,3.42
310,3.19
311,3.2
312,3.19
313,3.2
314,3.2
315,3.2
316,3.2
317,3.2
318,3.2
319,3.19
320,2.73
321,2.73
322,2.73
323,2.73
324,2.73
325,2.73
326,2.73
327,2.73
328,2.73
329,2.73
330,4.08
331,4.08
332,4.08
333,4.08
334,4.08
335,4.08
336,4.08
337,4.08
338,3.29
339,3.3
340,3.46
341,3.46
342,3.43
343,3.43
344,3.43
345,3.45
346,3.43
347,3.43
348,3.43
349,3.42
350,3.62
351,3.62
352,3.62
353,3.62
354,3.62
355,3.62
356,3.62
357,3.62
358,3.62
359,3.62
360,4.05
361,4.06
362,4.05
363,4.05
364,4.05
365,4.05
366,4.05
367,4.05
368,4.05
369,4.05
370,4.19
371,4.19
372,4.19
373,4.19
374,4.19
375,4.19
376,4.19
377,4.19
378,4.19
379,4.19
380,3.92
381,3.92
382,3.92
383,3.92
384,3.92
385,3.92
386,3.92
387,3.92
388,3.92
389,3.92
390,4.19
391,4.19
392,4.19
393,4.19
394,4.19
395,4.19
396,4.19
397,4.19
398,4.19
399,4.19
400,3.57
401,3.59
402,3.57
403,3.58
404,3.58
405,3.6
406,3.57
407,3.59
408,3.59
409,3.57
410,3.08
411,3.07
412,3.06
413,3.06
414,3.06
415,3.06
416,3.08
417,3.06
418,3.08
419,3.06
420,3.67
421,3.67
422,3.67
423,3.67
424,3.67
425,3.67
426,3.67
427,3.67
428,3.67
429,3.67
430,2.2
431,2.2
432,2.2
433,2.2
434,2.19
435,2.19
436,2.2
437,2.2
438,2.2
439,2.2
440,4.45
441,4.45
442,4.45
443,4.45
444,4.45
445,4.45
446,4.45
447,4.45
448,4.46
449,4.45
450,4.1
451,4.1
452,4.1
453,4.1
454,4.1
455,4.1
456,4.09
457,4.1
458,4.1
459,4.1
460,3.52
461,3.52
462,3.52
463,3.52
464,3.52
465,3.52
466,3.52
467,3.52
468,3.52
469,3.52
470,2.91
471,2.91
472,2.91
473,2.91
474,2.91
475,2.91
476,2.92
477,2.91
478,2.91
479,2.91
480,3.17
481,3.17
482,3.17
483,3.17
484,3.17
485,3.17
486,3.17
487,3.17
488,3.17
489,3.17
490,3.61
491,3.62
492,3.63
493,3.61
494,3.63
495,3.64
496,3.62
497,3.63
498,3.61
499,3.61
500,3.5
501,3.51
502,3.52
503,3.51
504,3.54
505,3.5
506,3.52
507,3.51
508,3.52
509,3.5
510,3.83
511,3.82
512,3.83
513,3.82
514,3.82
515,3.82
516,3.83
517,3.82
518,3.82
519,3.83
520,3.42
521,3.42
522,3.42
523,3.42
524,3.43
525,3.42
526,3.42
527,3.42
528,3.42
529,3.42
530,3.43
531,3.42
532,3.42
533,3.43
534,3.42
535,3.43
536,3.43
537,3.42
538,3.43
539,3.42
540,3.79
541,3.79
542,3.79
543,3.79
544,3.79
545,3.79
546,3.79
547,3.79
548,3.79
549,3.79
550,3.72
551,3.72
552,3.72
553,3.72
554,3.72
555,3.72
556,3.72
557,3.72
558,3.72
559,3.73
560,3.27
561,3.27
562,3.27
563,3.27
564,3.27
565,3.26
566,3.26
567,3.26
568,3.26
569,3.27
570,3.33
571,3.33
572,3.33
573,3.33
574,3.33
575,3.33
576,3.33
577,3.33
578,3.33
579,3.33
580,3.63
581,3.63
582,3.63
583,3.63
584,3.63
585,3.63
586,3.63
587,3.63
588,3.63
589,3.63
590,4.14
591,4.14
592,4.14
593,4.14
594,4.14
595,4.14
596,4.14
597,4.13
598,4.14
599,4.14
600,3.5
601,3.5
602,3.5
603,3.5
604,3.5
605,3.5
606,3.5
607,3.5
608,3.5
609,3.5
610,3.5
611,3.5
612,3.5
613,3.5
614,3.5
615,3.5
616,3.5
617,3.5
618,3.5
619,3.5
620,3.69
621,3.69
622,3.69
623,3.69
624,3.69
625,3.69
626,3.69
627,3.69
628,3.69
629,3.69
630,3.59
631,3.59
632,3.59
633,3.59
634,3.59
635,3.59
636,3.59
637,3.59
638,3.59
639,3.59
640,3.7
641,3.69
642,3.69
643,3.69
644,3.69
645,3.69
646,3.69
647,3.69
648,3.69
649,3.7
650,3.22
651,3.22
652,3.22
653,3.22
654,3.22
655,3.22
656,3.23
657,3.22
658,3.22
659,3.23
660,3.66
661,3.67
662,3.67
663,3.67
664,3.67
665,3.66
666,3.66
667,3.66
668,3.66
669,3.66
670,4.36
671,4.35
672,4.35
673,4.36
674,4.36
675,4.36
676,4.36
677,4.36
678,4.35
679,4.35
680,2.83
681,2.83
682,2.83
683,2.83
684,2.83
685,2.83
686,2.83
687,2.83
688,2.83
689,2.84
690,3.58
691,3.58
692,3.58
693,3.58
694,3.58
695,3.58
696,3.58
697,3.58
698,3.58
699,3.58
700,4.13
701,4.13
702,4.13
703,4.13
704,4.13
705,4.13
706,4.13
707,4.13
708,4.13
709,4.13
710,4.29
711,4.29
712,4.29
713,4.29
714,4.29
715,4.29
716,4.29
717,4.29
718,4.29
719,4.29
720,3.81
721,3.82
722,3.82
723,3.82
724,3.82
725,3.82
726,3.82
727,3.82
728,3.82
729,3.82
730,3.45
731,3.45
732,3.45
733,3.45
734,3.45
735,3.45
736,3.45
737,3.45
738,3.45
739,3.45
740,4.19
741,4.19
742,4.19
743,4.19
744,4.19
745,4.19
746,4.19
747,4.19
748,4.19
749,4.19
750,3.18
751,3.18
752,3.18
753,3.18
754,3.18
755,3.18
756,3.22
757,3.18
758,3.18
759,3.18
760,3.58
761,3.58
762,3.58
763,3.58
764,3.59
765,3.58
766,3.58
767,3.59
768,3.59
769,3.59
770,3.58
771,3.58
772,3.61
773,3.58
774,3.58
775,3.58
776,3.58
777,3.59
778,3.61
779,3.58
780,3.86
781,3.87
782,3.87
783,3.87
784,3.87
785,3.87
786,3.87
787,3.87
788,3.87
789,3.87
790,3.94
791,3.94
792,3.94
793,3.94
794,3.94
795,3.94
796,3.94
797,3.94
798,3.94
799,3.94
800,4.17
801,4.16
802,4.17
803,4.17
804,4.17
805,4.17
806,4.17
807,4.17
808,4.16
809,4.17
810,3.52
811,3.53
812,3.52
813,3.52
814,3.52
815,3.52
816,3.52
817,3.53
818,3.52
819,3.52
820,4.19
821,4.19
822,4.19
823,4.19
824,4.19
825,4.19
826,4.19
827,4.19
828,4.19
829,4.19
830,3.29
831,3.29
832,3.28
833,3.29
834,3.29
835,3.29
836,3.29
837,3.28
838,3.28
839,3.29
840,4.05
841,4.02
842,4.03
843,4.04
844,4.03
845,4.03
846,4.03
847,4.03
848,4.03
849,4.04
850,4.69
851,4.69
852,4.69
853,4.69
854,4.69
855,4.69
856,4.69
857,4.69
858,4.69
859,4.69
860,3.57
861,3.57
862,3.57
863,3.57
864,3.57
865,3.57
866,3.58
867,3.58
868,3.57
869,3.57
870,4.45
871,4.45
872,4.45
873,4.45
874,4.45
875,4.45
876,4.45
877,4.45
878,4.45
879,4.45
880,4.36
881,4.36
882,4.36
883,4.36
884,4.36
885,4.36
886,4.36
887,4.36
888,4.36
889,4.36
890,3.5
891,3.46
892,3.49
893,3.49
894,3.48
895,3.46
896,3.46
897,3.46
898,3.47
899,3.5
900,3.98
901,3.98
902,3.98
903,3.98
904,3.98
905,3.98
906,3.98
907,3.98
908,3.98
909,3.97
910,3.87
911,3.88
912,3.87
913,3.87
914,3.87
915,3.88
916,3.87
917,3.88
918,3.88
919,3.88
920,3.39
921,3.38
922,3.38
923,3.39
924,3.39
925,3.39
926,3.39
927,3.39
928,3.39
929,3.4
930,3.74
931,3.74
932,3.74
933,3.75
934,3.75
935,3.74
936,3.74
937,3.76
938,3.74
939,3.74
940,3.68
941,3.69
942,3.68
943,3.68
944,3.67
945,3.68
946,3.68
947,3.69
948,3.69
949,3.69
950,4.06
951,4.05
952,4.06
953,4.06
954,4.05
955,4.05
956,4.06
957,4.05
958,4.06
959,4.06
960,3.98
961,3.98
962,3.98
963,3.98
964,3.98
965,3.98
966,3.98
967,3.98
968,3.73
969,3.74
970,4.25
971,4.25
972,4.25
973,4.25
974,4.25
975,4.25
976,4.25
977,4.25
978,4.25
979,4.25
980,4.17
981,4.17
982,4.17
983,4.16
984,4.17
985,4.17
986,4.17
987,4.17
988,4.16
989,4.17
990,3.81
991,3.81
992,3.81
993,3.81
994,3.82
995,3.81
996,3.81
997,3.81
998,3.81
999,3.82
1000,3.37
1001,3.37
1002,3.37
1003,3.37
1004,3.36
1005,3.37
1006,3.37
1007,3.36
1008,3.37
1009,3.36
1010,3.74
1011,3.74
1012,3.74
1013,3.74
1014,3.74
1015,3.74
1016,3.74
1017,3.73
1018,3.73
1019,3.74
1020,4.15
1021,4.15
1022,4.15
1023,4.15
1024,4.15
1025,4.15
1026,4.15
1027,4.15
1028,4.15
1029,4.15
1030,3.15
1031,3.15
1032,3.15
1033,3.15
1034,3.15
1035,3.14
1036,3.15
1037,3.15
1038,3.16
1039,3.15
1040,3.79
1041,3.79
1042,3.79
1043,3.79
1044,3.79
1045,3.79
1046,3.79
1047,3.79
1048,3.79
1049,3.79
1050,3.48
1051,3.48
1052,3.49
1053,3.48
1054,3.48
1055,3.48
1056,3.48
1057,3.48
1058,3.48
1059,3.48
1060,4.21
1061,4.21
1062,4.21
1063,4.21
1064,4.21
1065,4.21
1066,4.21
1067,4.21
1068,4.21
1069,4.21
1070,4.13
1071,4.13
1072,4.13
1073,4.12
1074,4.13
1075,4.13
1076,4.12
1077,4.12
1078,4.13
1079,4.13
1080,3.04
1081,3.04
1082,3.03
1083,3.04
1084,3.04
1085,3.04
1086,3.03
1087,3.05
1088,3.08
1089,3.04
1090,3.71
1091,3.71
1092,3.71
1093,3.71
1094,3.71
1095,3.71
1096,3.71
1097,3.71
1098,3.71
1099,3.71
1100,3.85
1101,3.86
1102,3.86
1103,3.86
1104,3.85
1105,3.86
1106,3.86
1107,3.86
1108,3.86
1109,3.86
1110,3.79
1111,3.79
1112,3.79
1113,3.78
1114,3.79
1115,3.79
1116,3.8
1117,3.79
1118,3.79
1119,3.79
1120,3.85
1121,3.85
1122,3.85
1123,3.85
1124,3.85
1125,3.85
1126,3.85
1127,3.85
1128,3.85
1129,3.85
1130,3.46
1131,3.45
1132,3.45
1133,3.46
1134,3.46
1135,3.46
1136,3.46
1137,3.45
1138,3.45
1139,3.46
1140,4.0
1141,4.0
1142,4.0
1143,4.0
1144,4.0
1145,4.0
1146,4.0
1147,4.0
1148,4.0
1149,4.0
1150,3.85
1151,3.85
1152,3.85
1153,3.85
1154,3.85
1155,3.85
1156,3.85
1157,3.85
1158,3.85
1159,3.85
1160,4.01
1161,4.01
1162,4.01
1163,4.02
1164,4.01
1165,4.0
1166,4.0
1167,4.01
1168,4.0
1169,4.02
1170,3.52
1171,3.52
1172,3.5
1173,3.48
1174,3.49
1175,3.49
1176,3.49
1177,3.51
1178,3.52
1179,3.49
1180,4.14
1181,4.14
1182,4.14
1183,4.14
1184,4.14
1185,4.14
1186,4.14
1187,4.14
1188,4.14
1189,4.14
1190,4.14
1191,4.15
1192,4.14
1193,4.14
1194,4.14
1195,4.15
1196,4.14
1197,4.14
1198,4.15
1199,4.14
1200,3.77
1201,3.76
1202,3.78
1203,3.76
1204,3.77
1205,3.78
1206,3.76
1207,3.76
1208,3.76
1209,3.76
1210,3.22
1211,3.22
1212,3.22
1213,3.22
1214,3.21
1215,3.22
1216,3.22
1217,3.21
1218,3.22
1219,3.21
1220,3.32
1221,3.32
1222,3.32
1223,3.31
1224,3.32
1225,3.31
1226,3.31
1227,3.32
1228,3.31
1229,3.32
1230,3.54
1231,3.53
1232,3.54
1233,3.54
1234,3.53
1235,3.54
1236,3.54
1237,3.54
1238,3.54
1239,3.54
1240,3.05
1241,3.05
1242,3.05
1243,3.05
1244,3.05
1245,3.05
1246,3.05
1247,3.05
1248,3.06
1249,3.05
1250,4.02
1251,4.02
1252,4.02
1253,4.02
1254,4.02
1255,4.02
1256,4.02
1257,4.02
1258,4.02
1259,4.02
1260,4.1
1261,4.09
1262,4.1
1263,4.1
1264,4.1
1265,4.1
1266,4.1
1267,4.1
1268,4.1
1269,4.1
1270,4.22
1271,4.21
1272,4.22
1273,4.21
1274,4.21
1275,4.21
1276,4.22
1277,4.21
1278,4.21
1279,4.21
1280,3.99
1281,3.99
1282,3.99
1283,3.98
1284,3.99
1285,3.99
1286,3.99
1287,3.99
1288,3.99
1289,3.99
1290,3.72
1291,3.72
1292,3.73
1293,3.72
1294,3.73
1295,3.73
1296,3.73
1297,3.73
1298,3.73
1299,3.72
1300,3.85
1301,3.85
1302,3.85
1303,3.85
1304,3.85
1305,3.85
1306,3.85
1307,3.85
1308,3.85
1309,3.85
1310,3.26
1311,3.26
1312,3.26
1313,3.26
1314,3.26
1315,3.26
1316,3.26
1317,3.26
1318,3.26
1319,3.26
1320,4.34
1321,4.34
1322,4.34
1323,4.34
1324,4.33
1325,4.33
1326,4.33
1327,4.34
1328,4.33
1329,4.33
1330,3.17
1331,3.16
1332,3.17
1333,3.17
1334,3.17
1335,3.17
1336,3.17
1337,3.17
1338,3.16
1339,3.16
1340,4.25
1341,4.25
1342,4.25
1343,4.25
1344,4.25
1345,4.25
1346,4.25
1347,4.25
1348,4.25
1349,4.25
1350,3.73
1351,3.73
1352,3.73
1353,3.73
1354,3.73
1355,3.73
1356,3.73
1357,3.73
1358,3.73
1359,3.73
1360,3.42
1361,3.42
1362,3.42
1363,3.42
1364,3.42
1365,3.42
1366,3.42
1367,3.42
1368,3.42
1369,3.42
1370,3.7
1371,3.7
1372,3.7
1373,3.7
1374,3.7
1375,3.7
1376,3.7
1377,3.7
1378,3.7
1379,3.7
1380,3.91
1381,3.9
1382,3.91
1383,3.91
1384,3.91
1385,3.91
1386,3.9
1387,3.91
1388,3.91
1389,3.91
1390,3.91
1391,3.91
1392,3.91
1393,3.91
1394,3.91
1395,3.91
1396,3.91
1397,3.91
1398,3.91
1399,3.91
1400,4.54
1401,4.54
1402,4.53
1403,4.54
1404,4.54
1405,4.53
1406,4.54
1407,4.54
1408,4.54
1409,4.53
1410,4.46
1411,4.46
1412,4.46
1413,4.46
1414,4.46
1415,4.46
1416,4.46
1417,4.46
1418,4.46
1419,4.46
1420,3.08
1421,3.07
1422,3.07
1423,3.07
1424,3.07
1425,3.07
1426,3.08
1427,3.07
1428,3.07
1429,3.08
1430,2.95
1431,2.95
1432,2.96
1433,2.96
1434,2.96
1435,2.96
1436,2.96
1437,2.95
1438,2.95
1439,2.96
1440,4.54
1441,4.54
1442,4.54
1443,4.54
1444,4.54
1445,4.54
1446,4.54
1447,4.54
1448,4.54
1449,4.54
1450,3.41
1451,3.41
1452,3.41
1453,3.41
1454,3.41
1455,3.41
1456,3.41
1457,3.41
1458,3.41
1459,3.41
1460,3.3
1461,3.29
1462,3.28
1463,3.29
1464,3.3
1465,3.29
1466,3.29
1467,3.29
1468,3.28
1469,3.3
1470,3.5
1471,3.54
1472,3.51
1473,3.51
1474,3.51
1475,3.5
1476,3.51
1477,3.51
1478,3.51
1479,3.51
1480,2.95
1481,2.96
1482,2.96
1483,2.97
1484,2.97
1485,2.97
1486,2.97
1487,2.95
1488,2.95
1489,2.97
1490,4.08
1491,4.09
1492,4.09
1493,4.1
1494,4.1
1495,4.06
1496,4.06
1497,4.09
1498,4.09
1499,4.09
1500,3.41
1501,3.41
1502,3.41
1503,3.41
1504,3.41
1505,3.41
1506,3.41
1507,3.41
1508,3.41
1509,3.41
1510,3.95
1511,3.95
1512,3.95
1513,3.95
1514,3.95
1515,3.95
1516,3.95
1517,3.95
1518,3.95
1519,3.95
1520,3.43
1521,3.43
1522,3.43
1523,3.43
1524,3.42
1525,3.42
1526,3.43
1527,3.43
1528,3.43
1529,3.43
1530,4.11
1531,4.11
1532,4.11
1533,4.11
1534,4.11
1535,4.11
1536,4.11
1537,4.11
1538,4.11
1539,4.11
1540,3.13
1541,3.09
1542,3.12
1543,3.09
1544,3.15
1545,3.1
1546,3.11
1547,3.09
1548,3.1
1549,3.11
1550,3.56
1551,3.57
1552,3.57
1553,3.57
1554,3.57
1555,3.56
1556,3.56
1557,3.57
1558,3.56
1559,3.56
1560,2.82
1561,2.82
1562,2.82
1563,2.82
1564,2.82
1565,2.82
1566,2.82
1567,2.82
1568,2.82
1569,2.82
1570,3.46
1571,3.46
1572,3.46
1573,3.45
1574,3.46
1575,3.46
1576,3.46
1577,3.46
1578,3.46
1579,3.46
1580,2.98
1581,2.97
1582,2.97
1583,2.96
1584,2.98
1585,2.99
1586,2.99
1587,2.98
1588,2.99
1589,2.99
1590,3.71
1591,3.71
1592,3.71
1593,3.71
1594,3.71
1595,3.71
1596,3.71
1597,3.71
1598,3.71
1599,3.71
1600,2.97
1601,2.97
1602,2.97
1603,2.97
1604,2.97
1605,2.97
1606,2.97
1607,2.97
1608,2.97
1609,2.97
1610,4.12
1611,4.12
1612,4.12
1613,4.12
1614,4.12
1615,4.12
1616,4.12
1617,4.12
1618,4.12
1619,4.12
1620,3.19
1621,3.19
1622,3.19
1623,3.19
1624,3.19
1625,3.19
1626,3.2
1627,3.19
1628,3.19
1629,3.19
1630,3.92
1631,3.92
1632,3.92
1633,3.92
1634,3.92
1635,3.92
1636,3.92
1637,3.92
1638,3.92
1639,3.62
1640,3.77
1641,3.77
1642,3.76
1643,3.77
1644,3.77
1645,3.77
1646,3.76
1647,3.77
1648,3.77
1649,3.77
1650,4.0
1651,4.0
1652,4.0
1653,4.0
1654,4.0
1655,4.0
1656,4.0
1657,4.0
1658,4.0
1659,4.0
1660,4.06
1661,4.05
1662,4.05
1663,4.06
1664,4.04
1665,4.05
1666,4.05
1667,4.05
1668,4.06
1669,4.05
1670,3.15
1671,3.15
1672,3.15
1673,3.15
1674,3.15
1675,3.15
1676,3.15
1677,3.15
1678,3.15
1679,3.15
1680,4.41
1681,4.41
1682,4.41
1683,4.41
1684,4.41
1685,4.41
1686,4.41
1687,4.41
1688,4.41
1689,4.41
1690,3.74
1691,3.74
1692,3.74
1693,3.74
1694,3.74
1695,3.74
1696,3.74
1697,3.74
1698,3.75
1699,3.74
1700,3.64
1701,3.64
1702,3.64
1703,3.64
1704,3.64
1705,3.64
1706,3.64
1707,3.64
1708,3.64
1709,3.64
1710,3.72
1711,3.72
1712,3.72
1713,3.72
1714,3.71
1715,3.72
1716,3.71
1717,3.71
1718,3.71
1719,3.71
1720,3.27
1721,3.27
1722,3.27
1723,3.27
1724,3.27
1725,3.27
1726,3.27
1727,3.27
1728,3.27
1729,3.27
1730,4.13
1731,4.13
1732,4.13
1733,4.13
1734,4.13
1735,4.13
1736,4.13
1737,4.13
1738,4.13
1739,4.13
1740,3.8
1741,3.8
1742,3.8
1743,3.81
1744,3.8
1745,3.8
1746,3.8
1747,3.8
1748,3.8
1749,3.8
1750,3.38
1751,3.38
1752,3.38
1753,3.38
1754,3.38
1755,3.38
1756,3.38
1757,3.38
1758,3.38
1759,3.38
1760,3.31
1761,3.31
1762,3.31
1763,3.31
1764,3.3
1765,3.31
1766,3.3
1767,3.31
1768,3.3
1769,3.3
1770,3.25
1771,3.25
1772,3.25
1773,3.25
1774,3.25
1775,3.25
1776,3.25
1777,3.25
1778,3.25
1779,3.26
1780,3.68
1781,3.68
1782,3.68
1783,3.68
1784,3.68
1785,3.68
1786,3.68
1787,3.68
1788,3.68
1789,3.68
1790,4.14
1791,4.14
1792,4.14
1793,4.14
1794,4.14
1795,4.14
1796,4.14
1797,4.14
1798,4.14
1799,4.14
1800,4.0
1801,4.0
1802,4.0
1803,4.0
1804,4.0
1805,4.0
1806,4.0
1807,4.0
1808,4.0
1809,4.0
1810,4.13
1811,4.13
1812,4.13
1813,4.13
1814,4.13
1815,4.13
1816,4.13
1817,4.13
1818,4.13
1819,4.13
1820,4.33
1821,4.34
1822,4.34
1823,4.34
1824,4.34
1825,4.34
1826,4.34
1827,4.34
1828,4.34
1829,4.34
1830,4.08
1831,4.08
1832,4.07
1833,4.08
1834,4.08
1835,4.07
1836,4.07
1837,4.08
1838,4.08
1839,4.08
1840,3.23
1841,3.23
1842,3.23
1843,3.23
1844,3.23
1845,3.23
1846,3.23
1847,3.23
1848,3.23
1849,3.23
1850,3.85
1851,3.85
1852,3.86
1853,3.84
1854,3.85
1855,3.85
1856,3.85
1857,3.84
1858,3.86
1859,3.86
1860,3.51
1861,3.51
1862,3.51
1863,3.51
1864,3.51
1865,3.51
1866,3.51
1867,3.51
1868,3.51
1869,3.51
1870,3.79
1871,3.78
1872,3.79
1873,3.79
1874,3.78
1875,3.79
1876,3.79
1877,3.79
1878,3.78
1879,3.79
1880,3.87
1881,3.87
1882,3.87
1883,3.87
1884,3.87
1885,3.87
1886,3.87
1887,3.87
1888,3.87
1889,3.87
1890,3.93
1891,3.93
1892,3.93
1893,3.93
1894,3.93
1895,3.93
1896,3.93
1897,3.93
1898,3.93
1899,3.93
1900,3.28
1901,3.28
1902,3.28
1903,3.28
1904,3.29
1905,3.28
1906,3.28
1907,3.27
1908,3.28
1909,3.27
1910,5.0
1911,5.0
1912,5.0
1913,5.0
1914,5.0
1915,5.0
1916,5.0
1917,5.0
1918,5.0
1919,5.0
1920,3.8
1921,3.8
1922,3.8
1923,3.8
1924,3.8
1925,3.8
1926,3.8
1927,3.8
1928,3.8
1929,3.8
1930,3.0
1931,3.0
1932,3.0
1933,3.0
1934,3.0
1935,3.0
1936,3.0
1937,3.0
1938,3.0
1939,3.0
1940,3.84
1941,3.84
1942,3.84
1943,3.85
1944,3.85
1945,3.84
1946,3.85
1947,3.84
1948,3.84
1949,3.84
1950,4.34
1951,4.34
1952,4.34
1953,4.34
1954,4.34
1955,4.34
1956,4.34
1957,4.34
1958,4.34
1959,4.34
1960,3.26
1961,3.27
1962,3.27
1963,3.27
1964,3.27
1965,3.26
1966,3.27
1967,3.26
1968,3.26
1969,3.27
1970,3.47
1971,3.47
1972,3.47
1973,3.47
1974,3.47
1975,3.47
1976,3.47
1977,3.47
1978,3.47
1979,3.47
1980,3.8
1981,3.8
1982,3.8
1983,3.81
1984,3.8
1985,3.8
1986,3.79
1987,3.8
1988,3.79
1989,3.8
1990,3.63
1991,3.63
1992,3.62
1993,3.62
1994,3.64
1995,3.62
1996,3.62
1997,3.62
1998,3.62
1999,3.63
2000,3.31
2001,3.31
2002,3.31
2003,3.31
2004,3.31
2005,3.32
2006,3.31
2007,3.32
2008,3.31
2009,3.31
2010,3.51
2011,3.51
2012,3.51
2013,3.51
2014,3.51
2015,3.51
2016,3.52
2017,3.51
2018,3.51
2019,3.51
2020,3.54
2021,3.53
2022,3.53
2023,3.53
2024,3.53
2025,3.53
2026,3.53
2027,3.53
2028,3.53
2029,3.53
2030,3.43
2031,3.44
2032,3.44
2033,3.43
2034,3.43
2035,3.43
2036,3.43
2037,3.43
2038,3.43
2039,3.43
2040,4.17
2041,4.18
2042,4.18
2043,4.18
2044,4.17
2045,4.18
2046,4.18
2047,4.18
2048,4.17
2049,4.17
2050,4.06
2051,4.06
2052,4.06
2053,4.06
2054,4.06
2055,4.06
2056,4.06
2057,4.06
2058,4.06
2059,4.06
2060,3.53
2061,3.53
2062,3.52
2063,3.52
2064,3.53
2065,3.52
2066,3.55
2067,3.55
2068,3.55
2069,3.53
2070,4.19
2071,4.19
2072,4.19
2073,4.19
2074,4.19
2075,4.19
2076,4.19
2077,4.19
2078,4.19
2079,4.19
2080,3.71
2081,3.71
2082,3.71
2083,3.71
2084,3.71
2085,3.71
2086,3.71
2087,3.71
2088,3.71
2089,3.71
2090,3.28
2091,3.26
2092,3.26
2093,3.28
2094,3.26
2095,3.28
2096,3.28
2097,3.27
2098,3.28
2099,3.25
2100,3.91
2101,3.91
2102,3.91
2103,3.92
2104,3.91
2105,3.93
2106,3.91
2107,3.93
2108,3.91
2109,3.93
2110,3.68
2111,3.68
2112,3.68
2113,3.68
2114,3.68
2115,3.67
2116,3.68
2117,3.68
2118,3.68
2119,3.68
2120,4.1
2121,4.1
2122,4.1
2123,4.1
2124,4.1
2125,4.1
2126,4.1
2127,4.1
2128,4.1
2129,4.1
2130,3.64
2131,3.63
2132,3.64
2133,3.64
2134,3.64
2135,3.64
2136,3.63
2137,3.64
2138,3.64
2139,3.63
2140,3.87
2141,3.86
2142,3.86
2143,3.86
2144,3.86
2145,3.86
2146,3.86
2147,3.87
2148,3.89
2149,3.87
2150,3.97
2151,3.96
2152,3.97
2153,3.95
2154,3.97
2155,3.94
2156,3.97
2157,3.97
2158,3.97
2159,3.97
2160,4.2
2161,4.2
2162,4.19
2163,4.2
2164,4.2
2165,4.2
2166,4.2
2167,4.2
2168,4.19
2169,4.19
2170,2.67
2171,2.67
2172,2.67
2173,2.67
2174,2.67
2175,2.67
2176,2.67
2177,2.67
2178,2.67
2179,2.67
2180,4.29
2181,4.28
2182,4.28
2183,4.28
2184,4.28
2185,4.29
2186,4.28
2187,4.29
2188,4.3
2189,4.31
2190,4.5
2191,4.5
2192,4.5
2193,4.5
2194,4.5
2195,4.5
2196,4.5
2197,4.5
2198,4.5
2199,4.5
2200,3.94
2201,3.94
2202,3.95
2203,3.95
2204,3.94
2205,3.94
2206,3.94
2207,3.94
2208,3.94
2209,3.95
2210,3.31
2211,3.31
2212,3.31
2213,3.31
2214,3.32
2215,3.31
2216,3.32
2217,3.31
2218,3.31
2219,3.31
2220,1.0
2221,1.0
2222,1.0
2223,1.0
2224,1.0
2225,1.0
2226,1.0
2227,1.0
2228,1.0
2229,1.0
2230,4.71
2231,4.71
2232,4.71
2233,4.71
2234,4.71
2235,4.71
2236,4.71
2237,4.71
2238,4.71
2239,4.71
2240,3.22
2241,3.22
2242,3.22
2243,3.22
2244,3.22
2245,3.22
2246,3.22
2247,3.22
2248,3.22
2249,3.22
2250,3.73
2251,3.73
2252,3.74
2253,3.73
2254,3.73
2255,3.74
2256,3.73
2257,3.73
2258,3.73
2259,3.73
2260,3.3
2261,3.29
2262,3.33
2263,3.3
2264,3.32
2265,3.31
2266,3.31
2267,3.32
2268,3.31
2269,3.33
2270,3.77
2271,3.77
2272,3.77
2273,3.77
2274,3.77
2275,3.77
2276,3.77
2277,3.77
2278,3.77
2279,3.77
2280,4.03
2281,4.01
2282,4.02
2283,4.02
2284,4.02
2285,4.01
2286,4.02
2287,4.02
2288,4.01
2289,4.02
2290,3.04
2291,3.03
2292,3.04
2293,3.02
2294,3.03
2295,3.02
2296,3.02
2297,3.03
2298,3.02
2299,3.03
2300,4.01
2301,4.02
2302,4.02
2303,4.02
2304,4.02
2305,4.02
2306,4.02
2307,4.02
2308,4.02
2309,4.02
2310,3.84
2311,3.84
2312,3.84
2313,3.84
2314,3.84
2315,3.85
2316,3.84
2317,3.84
2318,3.84
2319,3.84
2320,4.24
2321,4.24
2322,4.25
2323,4.25
2324,4.25
2325,4.25
2326,4.25
2327,4.24
2328,4.24
2329,4.24
2330,3.89
2331,3.89
2332,3.89
2333,3.89
2334,3.89
2335,3.89
2336,3.89
2337,3.89
2338,3.89
2339,3.89
2340,4.04
2341,4.04
2342,4.04
2343,4.04
2344,4.04
2345,4.04
2346,4.04
2347,4.04
2348,4.04
2349,4.04
2350,3.23
2351,3.24
2352,3.22
2353,3.22
2354,3.22
2355,3.22
2356,3.21
2357,3.21
2358,3.23
2359,3.25
2360,3.58
2361,3.57
2362,3.58
2363,3.58
2364,3.57
2365,3.57
2366,3.58
2367,3.57
2368,3.58
2369,3.57
2370,3.88
2371,3.88
2372,3.88
2373,3.88
2374,3.88
2375,3.88
2376,3.88
2377,3.88
2378,3.88
2379,3.88
2380,4.04
2381,4.04
2382,4.04
2383,4.04
2384,4.04
2385,4.04
2386,4.04
2387,4.04
2388,4.04
2389,4.04
2390,3.93
2391,3.93
2392,3.92
2393,3.93
2394,3.93
2395,3.92
2396,3.93
2397,3.93
2398,3.93
2399,3.94
2400,4.31
2401,4.31
2402,4.3
2403,4.3
2404,4.3
2405,4.3
2406,4.3
2407,4.3
2408,4.3
2409,4.31
2410,4.02
2411,4.02
2412,4.02
2413,4.02
2414,4.02
2415,4.01
2416,4.02
2417,4.02
2418,4.02
2419,4.02
2420,4.4
2421,4.4
2422,4.4
2423,4.4
2424,4.4
2425,4.4
2426,4.4
2427,4.4
2428,4.4
2429,4.4
2430,3.77
2431,3.82
2432,3.82
2433,3.77
2434,3.77
2435,3.81
2436,3.77
2437,3.82
2438,3.79
2439,3.79
2440,4.07
2441,4.07
2442,4.07
2443,4.07
2444,4.07
2445,4.07
2446,4.07
2447,4.07
2448,4.07
2449,4.07
2450,3.85
2451,3.85
2452,3.85
2453,3.85
2454,3.84
2455,3.85
2456,3.85
2457,3.85
2458,3.85
2459,3.85
2460,3.53
2461,3.52
2462,3.53
2463,3.53
2464,3.53
2465,3.53
2466,3.53
2467,3.53
2468,3.53
2469,3.53
2470,4.46
2471,4.45
2472,4.46
2473,4.46
2474,4.45
2475,4.46
2476,4.45
2477,4.46
2478,4.45
2479,4.46
2480,4.34
2481,4.34
2482,4.35
2483,4.35
2484,4.35
2485,4.35
2486,4.35
2487,4.35
2488,4.35
2489,4.35
2490,4.0
2491,4.0
2492,4.0
2493,4.0
2494,4.0
2495,4.0
2496,4.0
2497,4.0
2498,4.0
2499,4.0
2500,3.02
2501,3.0
2502,3.01
2503,3.01
2504,3.0
2505,3.0
2506,3.03
2507,3.04
2508,3.02
2509,3.0
2510,3.5
2511,3.51
2512,3.52
2513,3.5
2514,3.5
2515,3.5
2516,3.51
2517,3.51
2518,3.5
2519,3.51
2520,4.26
2521,4.26
2522,4.27
2523,4.25
2524,4.26
2525,4.27
2526,4.27
2527,4.26
2528,4.25
2529,4.28
2530,3.41
2531,3.42
2532,3.42
2533,3.41
2534,3.41
2535,3.41
2536,3.41
2537,3.41
2538,3.41
2539,3.41
2540,3.36
2541,3.35
2542,3.35
2543,3.35
2544,3.36
2545,3.31
2546,3.31
2547,3.38
2548,3.35
2549,3.37
2550,3.91
2551,3.91
2552,3.91
2553,3.91
2554,3.91
2555,3.91
2556,3.91
2557,3.91
2558,3.91
2559,3.91
2560,2.72
2561,2.72
2562,2.72
2563,2.72
2564,2.72
2565,2.71
2566,2.72
2567,2.72
2568,2.72
2569,2.72
2570,4.28
2571,4.28
2572,4.28
2573,4.28
2574,4.28
2575,4.28
2576,4.27
2577,4.28
2578,4.28
2579,4.27
2580,3.18
2581,3.18
2582,3.18
2583,3.18
2584,3.18
2585,3.18
2586,3.18
2587,3.18
2588,3.18
2589,3.18
2590,3.89
2591,3.89
2592,3.89
2593,3.89
2594,3.88
2595,3.88
2596,3.9
2597,3.9
2598,3.89
2599,3.89
2600,4.06
2601,4.06
2602,4.06
2603,4.06
2604,4.06
2605,4.06
2606,4.06
2607,4.06
2608,4.06
2609,4.06
2610,3.78
2611,3.78
2612,3.78
2613,3.78
2614,3.78
2615,3.78
2616,3.78
2617,3.78
2618,3.78
2619,3.78
2620,4.03
2621,4.03
2622,4.03
2623,4.03
2624,4.03
2625,4.03
2626,4.03
2627,4.03
2628,4.03
2629,4.03
2630,3.44
2631,3.44
2632,3.44
2633,3.44
2634,3.44
2635,3.44
2636,3.44
2637,3.44
2638,3.44
2639,3.44
2640,3.44
2641,3.43
2642,3.45
2643,3.42
2644,3.38
2645,3.4
2646,3.39
2647,3.43
2648,3.44
2649,3.44
2650,2.87
2651,2.87
2652,2.87
2653,2.87
2654,2.87
2655,2.87
2656,2.87
2657,2.87
2658,2.87
2659,2.86
2660,4.39
2661,4.39
2662,4.39
2663,4.39
2664,4.39
2665,4.39
2666,4.39
2667,4.39
2668,4.39
2669,4.39
2670,3.42
2671,3.42
2672,3.42
2673,3.42
2674,3.43
2675,3.43
2676,3.42
2677,3.42
2678,3.42
2679,3.42
2680,3.07
2681,3.07
2682,3.07
2683,3.07
2684,3.07
2685,3.07
2686,3.07
2687,3.07
2688,3.07
2689,3.07
2690,3.8
2691,3.8
2692,3.8
2693,3.8
2694,3.8
2695,3.8
2696,3.8
2697,3.8
2698,3.8
2699,3.8
2700,2.9
2701,2.9
2702,2.87
2703,2.91
2704,2.89
2705,2.92
2706,2.9
2707,2.85
2708,2.9
2709,2.88
2710,2.92
2711,2.92
2712,2.92
2713,2.92
2714,2.92
2715,2.92
2716,2.92
2717,2.92
2718,2.92
2719,2.92
2720,3.48
2721,3.48
2722,3.48
2723,3.48
2724,3.48
2725,3.48
2726,3.48
2727,3.48
2728,3.48
2729,3.48
2730,3.77
2731,3.77
2732,3.77
2733,3.77
2734,3.77
2735,3.77
2736,3.77
2737,3.77
2738,3.75
2739,3.75
2740,3.14
2741,3.14
2742,3.14
2743,3.15
2744,3.14
2745,3.14
2746,3.14
2747,3.14
2748,3.14
2749,3.14
2750,3.8
2751,3.8
2752,3.8
2753,3.8
2754,3.8
2755,3.8
2756,3.8
2757,3.8
2758,3.8
2759,3.8
2760,3.89
2761,3.89
2762,3.89
2763,3.89
2764,3.89
2765,3.89
2766,3.89
2767,3.89
2768,3.89
2769,3.89
2770,3.44
2771,3.44
2772,3.44
2773,3.44
2774,3.44
2775,3.44
2776,3.44
2777,3.45
2778,3.44
2779,3.45
2780,4.0
2781,3.99
2782,3.99
2783,3.99
2784,3.99
2785,3.99
2786,4.0
2787,4.01
2788,4.01
2789,4.0
2790,3.25
2791,3.27
2792,3.27
2793,3.3
2794,3.29
2795,3.27
2796,3.25
2797,3.25
2798,3.29
2799,3.28
2800,3.5
2801,3.5
2802,3.5
2803,3.5
2804,3.5
2805,3.5
2806,3.5
2807,3.5
2808,3.5
2809,3.5
2810,2.94
2811,2.95
2812,2.94
2813,2.94
2814,2.94
2815,2.94
2816,2.94
2817,2.94
2818,2.94
2819,2.94
2820,3.83
2821,3.84
2822,3.84
2823,3.84
2824,3.84
2825,3.84
2826,3.83
2827,3.84
2828,3.84
2829,3.84
2830,3.82
2831,3.82
2832,3.82
2833,3.82
2834,3.82
2835,3.82
2836,3.82
2837,3.82
2838,3.82
2839,3.82
2840,3.14
2841,3.14
2842,3.14
2843,3.14
2844,3.14
2845,3.14
2846,3.14
2847,3.15
2848,3.14
2849,3.15
2850,4.38
2851,4.38
2852,4.38
2853,4.39
2854,4.38
2855,4.38
2856,4.38
2857,4.38
2858,4.38
2859,4.38
2860,3.87
2861,3.87
2862,3.87
2863,3.87
2864,3.87
2865,3.87
2866,3.76
2867,3.76
2868,3.76
2869,3.76
2870,4.5
2871,4.5
2872,4.5
2873,4.5
2874,4.5
2875,4.5
2876,4.5
2877,4.5
2878,4.5
2879,4.5
2880,4.6
2881,4.59
2882,4.59
2883,4.59
2884,4.59
2885,4.6
2886,4.6
2887,4.59
2888,4.6
2889,4.59
2890,3.9
2891,3.9
2892,3.9
2893,3.9
2894,3.9
2895,3.9
2896,3.9
2897,3.9
2898,3.9
2899,3.9
2900,4.23
2901,4.23
2902,4.23
2903,4.23
2904,4.23
2905,4.23
2906,4.23
2907,4.23
2908,4.23
2909,4.23
2910,3.78
2911,3.79
2912,3.77
2913,3.78
2914,3.79
2915,3.77
2916,3.78
2917,3.78
2918,3.77
2919,3.79
2920,4.03
2921,4.01
2922,4.03
2923,4.01
2924,4.02
2925,4.01
2926,4.0
2927,4.01
2928,4.01
2929,4.03
2930,3.64
2931,3.63
2932,3.63
2933,3.64
2934,3.64
2935,3.63
2936,3.64
2937,3.64
2938,3.64
2939,3.64
2940,3.66
2941,3.66
2942,3.66
2943,3.66
2944,3.66
2945,3.66
2946,3.66
2947,3.66
2948,3.66
2949,3.66
2950,3.47
2951,3.46
2952,3.46
2953,3.47
2954,3.43
2955,3.39
2956,3.43
2957,3.4
2958,3.41
2959,3.46
2960,4.0
2961,4.0
2962,4.0
2963,4.0
2964,4.0
2965,4.0
2966,4.0
2967,4.0
2968,4.0
2969,4.0
2970,3.59
2971,3.6
2972,3.6
2973,3.6
2974,3.6
2975,3.6
2976,3.6
2977,3.6
2978,3.6
2979,3.6
2980,3.87
2981,3.87
2982,3.87
2983,2.88
2984,2.87
2985,2.87
2986,2.87
2987,2.87
2988,2.87
2989,2.87
2990,2.87
2991,2.87
2992,2.88
2993,2.87
2994,2.88
2995,2.87
2996,2.88
2997,2.88
2998,2.87
2999,2.87
3000,4.29
3001,4.27
3002,4.26
3003,4.29
3004,4.26
3005,4.26
3006,4.26
3007,4.26
3008,4.27
3009,4.27
3010,3.74
3011,3.73
3012,3.74
3013,3.74
3014,3.73
3015,3.73
3016,3.74
3017,3.73
3018,3.73
3019,3.73
3020,3.82
3021,3.81
3022,3.83
3023,3.83
3024,3.83
3025,3.82
3026,3.83
3027,3.82
3028,3.82
3029,3.81
3030,3.83
3031,3.83
3032,3.83
3033,3.83
3034,3.83
3035,3.83
3036,3.83
3037,3.83
3038,3.83
3039,3.83
3040,3.48
3041,3.49
3042,3.49
3043,3.47
3044,3.49
3045,3.47
3046,3.49
3047,3.49
3048,3.49
3049,3.49
3050,4.1
3051,4.1
3052,4.1
3053,4.1
3054,4.1
3055,4.1
3056,4.1
3057,4.1
3058,4.1
3059,4.1
3060,4.23
3061,4.22
3062,4.22
3063,4.23
3064,4.23
3065,4.23
3066,4.23
3067,4.23
3068,4.23
3069,4.23
3070,3.78
3071,3.77
3072,3.77
3073,3.77
3074,3.77
3075,3.77
3076,3.77
3077,3.77
3078,3.77
3079,3.77
3080,4.04
3081,4.04
3082,4.04
3083,4.03
3084,4.03
3085,4.04
3086,4.03
3087,4.04
3088,4.04
3089,4.04
3090,2.96
3091,2.96
3092,2.96
3093,2.96
3094,2.96
3095,2.96
3096,2.96
3097,2.96
3098,2.96
3099,2.96
3100,3.39
3101,3.38
3102,3.39
3103,3.39
3104,3.39
3105,3.39
3106,3.39
3107,3.39
3108,3.39
3109,3.39
3110,3.93
3111,3.93
3112,3.93
3113,3.93
3114,3.93
3115,3.93
3116,3.93
3117,3.93
3118,3.93
3119,3.93
3120,2.87
3121,2.88
3122,2.87
3123,2.88
3124,2.88
3125,2.87
3126,2.88
3127,2.86
3128,2.86
3129,2.88
3130,2.82
3131,2.82
3132,2.82
3133,2.82
3134,2.82
3135,2.82
3136,2.82
3137,2.82
3138,2.82
3139,2.82
3140,4.16
3141,4.16
3142,4.18
3143,4.16
3144,4.16
3145,4.16
3146,4.16
3147,4.16
3148,4.16
3149,4.16
3150,3.19
3151,3.19
3152,3.2
3153,3.19
3154,3.19
3155,3.19
3156,3.19
3157,3.2
3158,3.19
3159,3.2
3160,1.0
3161,1.0
3162,1.0
3163,1.0
3164,1.0
3165,1.0
3166,1.0
3167,1.0
3168,1.0
3169,1.0
3170,4.28
3171,4.28
3172,4.29
3173,4.29
3174,4.28
3175,4.29
3176,4.28
3177,4.28
3178,4.28
3179,4.29
3180,3.86
3181,3.84
3182,3.84
3183,3.85
3184,3.84
3185,3.84
3186,3.85
3187,3.84
3188,3.84
3189,3.85
3190,3.76
3191,3.76
3192,3.76
3193,3.76
3194,3.76
3195,3.76
3196,3.76
3197,3.76
3198,3.76
3199,3.76
3200,4.47
3201,4.47
3202,4.47
3203,4.47
3204,4.47
3205,4.47
3206,4.47
3207,4.47
3208,4.47
3209,4.47
3210,3.5
3211,3.5
3212,3.5
3213,3.5
3214,3.5
3215,3.5
3216,3.5
3217,3.5
3218,3.5
3219,3.51
3220,3.45
3221,3.45
3222,3.44
3223,3.45
3224,3.44
3225,3.44
3226,3.44
3227,3.44
3228,3.44
3229,3.45
3230,3.55
3231,3.55
3232,3.55
3233,3.55
3234,3.55
3235,3.55
3236,3.55
3237,3.55
3238,3.55
3239,3.55
3240,3.45
3241,3.44
3242,3.44
3243,3.44
3244,3.44
3245,3.44
3246,3.44
3247,3.44
3248,3.44
3249,3.44
3250,3.35
3251,3.34
3252,3.32
3253,3.33
3254,3.33
3255,3.33
3256,3.34
3257,3.33
3258,3.34
3259,3.32
3260,1.82
3261,1.81
3262,1.82
3263,1.82
3264,1.82
3265,1.83
3266,1.82
3267,1.81
3268,1.81
3269,1.82
3270,3.93
3271,3.93
3272,3.93
3273,3.93
3274,3.93
3275,3.93
3276,3.93
3277,3.93
3278,3.93
3279,3.93
3280,3.8
3281,3.8
3282,3.81
3283,3.8
3284,3.81
3285,3.8
3286,3.8
3287,3.8
3288,3.81
3289,3.8
3290,3.32
3291,3.31
3292,3.34
3293,3.31
3294,3.32
3295,3.31
3296,3.35
3297,3.31
3298,3.31
3299,3.31
3300,3.96
3301,3.96
3302,3.96
3303,3.96
3304,3.96
3305,3.96
3306,3.96
3307,3.96
3308,3.96
3309,3.96
3310,4.65
3311,4.65
3312,4.65
3313,4.65
3314,4.65
3315,4.65
3316,4.65
3317,4.65
3318,4.65
3319,4.65
3320,4.0
3321,4.0
3322,4.0
3323,4.0
3324,4.0
3325,4.0
3326,4.0
3327,4.0
3328,4.0
3329,4.0
3330,4.01
3331,4.01
3332,4.01
3333,4.01
3334,4.01
3335,4.01
3336,4.01
3337,4.01
3338,4.01
3339,4.01
3340,3.8
3341,3.8
3342,3.8
3343,3.79
3344,3.79
3345,3.8
3346,3.8
3347,3.8
3348,3.8
3349,3.79
3350,3.5
3351,3.5
3352,3.5
3353,3.5
3354,3.5
3355,3.5
3356,3.5
3357,3.5
3358,3.5
3359,3.5
3360,3.89
3361,3.89
3362,3.89
3363,3.89
3364,3.89
3365,3.89
3366,3.89
3367,3.89
3368,3.89
3369,3.89
3370,3.68
3371,3.7
3372,3.7
3373,3.7
3374,3.7
3375,3.69
3376,3.69
3377,3.69
3378,3.7
3379,3.7
3380,4.0
3381,4.0
3382,4.0
3383,4.0
3384,4.0
3385,4.0
3386,4.0
3387,4.0
3388,4.0
3389,4.0
3390,4.0
3391,4.0
3392,4.0
3393,4.0
3394,4.0
3395,4.0
3396,4.0
3397,4.0
3398,4.0
3399,4.0
3400,3.23
3401,3.23
3402,3.23
3403,3.23
3404,3.23
3405,3.22
3406,3.23
3407,3.23
3408,3.23
3409,3.22
3410,3.8
3411,3.81
3412,3.8
3413,3.8
3414,3.8
3415,3.81
3416,3.8
3417,3.81
3418,3.8
3419,3.8
3420,3.6
3421,3.6
3422,3.6
3423,3.6
3424,3.6
3425,3.59
3426,3.6
3427,3.59
3428,3.59
3429,3.59
3430,3.66
3431,3.66
3432,3.67
3433,3.66
3434,3.66
3435,3.66
3436,3.66
3437,3.66
3438,3.66
3439,3.66
3440,3.36
3441,3.38
3442,3.36
3443,3.38
3444,3.37
3445,3.37
3446,3.37
3447,3.37
3448,3.37
3449,3.37
3450,4.07
3451,4.07
3452,4.07
3453,4.07
3454,4.07
3455,4.07
3456,4.07
3457,4.07
3458,4.07
3459,4.07
3460,4.07
3461,4.06
3462,4.06
3463,4.06
3464,4.06
3465,4.06
3466,4.06
3467,4.06
3468,4.07
3469,4.06
3470,4.05
3471,4.05
3472,4.05
3473,4.05
3474,4.05
3475,4.05
3476,4.05
3477,4.05
3478,4.05
3479,4.05
3480,3.79
3481,3.79
3482,3.78
3483,3.78
3484,3.78
3485,3.78
3486,3.78
3487,3.78
3488,3.78
3489,3.78
3490,4.2
3491,4.2
3492,4.2
3493,4.2
3494,4.2
3495,4.2
3496,4.2
3497,4.2
3498,4.2
3499,4.2
3500,4.04
3501,4.04
3502,4.04
3503,4.04
3504,4.03
3505,4.04
3506,4.04
3507,4.04
3508,4.04
3509,4.03
3510,4.21
3511,4.21
3512,4.21
3513,4.21
3514,4.21
3515,4.21
3516,4.21
3517,4.21
3518,4.21
3519,4.21
3520,3.47
3521,3.47
3522,3.51
3523,3.51
3524,3.51
3525,3.47
3526,3.51
3527,3.47
3528,3.49
3529,3.47
3530,3.76
3531,3.75
3532,3.76
3533,3.76
3534,3.78
3535,3.78
3536,3.75
3537,3.75
3538,3.75
3539,3.75
3540,3.81
3541,3.82
3542,3.83
3543,3.84
3544,3.84
3545,3.83
3546,3.84
3547,3.83
3548,3.84
3549,3.84
3550,3.55
3551,3.54
3552,3.54
3553,3.54
3554,3.54
3555,3.56
3556,3.53
3557,3.54
3558,3.54
3559,3.54
3560,3.79
3561,3.8
3562,3.8
3563,3.8
3564,3.8
3565,3.8
3566,3.79
3567,3.79
3568,3.8
3569,3.8
3570,4.02
3571,4.02
3572,4.02
3573,4.02
3574,4.01
3575,4.02
3576,4.02
3577,4.02
3578,4.02
3579,4.01
3580,3.79
3581,3.79
3582,3.79
3583,3.8
3584,3.79
3585,3.8
3586,3.79
3587,3.79
3588,3.79
3589,3.79
3590,4.14
3591,4.14
3592,4.14
3593,4.14
3594,4.14
3595,4.14
3596,4.14
3597,4.14
3598,4.14
3599,4.14
3600,3.99
3601,3.98
3602,3.98
3603,3.99
3604,3.99
3605,3.98
3606,3.98
3607,3.98
3608,3.98
3609,3.98
3610,3.85
3611,3.85
3612,3.85
3613,3.85
3614,3.85
3615,3.85
3616,3.85
3617,3.85
3618,3.85
3619,3.36
3620,4.08
3621,4.08
3622,4.08
3623,4.08
3624,4.08
3625,4.08
3626,4.08
3627,4.08
3628,4.08
3629,4.08
3630,3.82
3631,3.82
3632,3.82
3633,3.82
3634,3.82
3635,3.82
3636,3.82
3637,3.82
3638,3.82
3639,3.82
3640,3.97
3641,3.97
3642,3.97
3643,3.97
3644,3.97
3645,3.97
3646,3.97
3647,3.97
3648,3.97
3649,3.96
3650,3.39
3651,3.39
3652,3.39
3653,3.39
3654,3.39
3655,3.39
3656,3.39
3657,3.39
3658,3.39
3659,3.39
3660,4.34
3661,4.34
3662,4.34
3663,4.34
3664,4.34
3665,4.34
3666,4.34
3667,4.34
3668,4.34
3669,4.34
3670,4.15
3671,4.15
3672,4.15
3673,4.15
3674,4.15
3675,4.15
3676,4.15
3677,4.15
3678,4.15
3679,4.15
3680,3.42
3681,3.42
3682,3.42
3683,3.41
3684,3.42
3685,3.42
3686,3.42
3687,3.42
3688,3.42
3689,3.41
3690,2.84
3691,2.84
3692,2.84
3693,2.92
3694,2.91
3695,2.92
3696,2.91
3697,2.9
3698,2.88
3699,2.92
3700,4.37
3701,4.37
3702,4.37
3703,4.37
3704,4.37
3705,4.37
3706,4.37
3707,4.37
3708,4.37
3709,4.37
3710,3.52
3711,3.55
3712,3.55
3713,3.55
3714,3.52
3715,3.54
3716,3.54
3717,3.55
3718,3.54
3719,3.54
3720,3.45
3721,3.45
3722,3.45
3723,3.45
3724,3.45
3725,3.45
3726,3.45
3727,3.45
3728,3.45
3729,3.45
3730,4.64
3731,4.64
3732,4.64
3733,4.64
3734,4.64
3735,4.64
3736,4.64
3737,4.64
3738,4.64
3739,4.64
3740,3.35
3741,3.38
3742,3.4
3743,3.39
3744,3.36
3745,3.35
3746,3.35
3747,3.38
3748,3.39
3749,3.37
3750,3.53
3751,3.54
3752,3.53
3753,3.53
3754,3.53
3755,3.53
3756,3.53
3757,3.52
3758,3.54
3759,3.52
3760,3.53
3761,3.53
3762,3.53
3763,3.51
3764,3.53
3765,3.53
3766,3.51
3767,3.51
3768,3.53
3769,3.53
3770,4.11
3771,4.11
3772,4.11
3773,4.11
3774,4.11
3775,4.11
3776,4.11
3777,4.11
3778,4.11
3779,4.11
3780,3.24
3781,3.24
3782,3.25
3783,3.24
3784,3.24
3785,3.24
3786,3.24
3787,3.24
3788,3.24
3789,3.24
3790,3.8
3791,3.81
3792,3.8
3793,3.79
3794,3.79
3795,3.8
3796,3.8
3797,3.8
3798,3.8
3799,3.8
3800,3.6
3801,3.62
3802,3.62
3803,3.61
3804,3.61
3805,3.62
3806,3.62
3807,3.62
3808,3.63
3809,3.61
3810,3.7
3811,3.7
3812,3.7
3813,3.7
3814,3.7
3815,3.7
3816,3.7
3817,3.7
3818,3.7
3819,3.7
3820,3.85
3821,3.85
3822,3.85
3823,3.85
3824,4.27
3825,4.27
3826,4.27
3827,4.27
3828,4.27
3829,4.27
3830,3.6
3831,3.6
3832,3.6
3833,3.6
3834,3.6
3835,3.6
3836,3.6
3837,3.6
3838,3.6
3839,3.6
3840,3.85
3841,3.54
3842,3.54
3843,3.54
3844,3.54
3845,3.54
3846,3.54
3847,3.54
3848,3.54
3849,3.54
3850,3.85
3851,3.85
3852,3.85
3853,3.85
3854,3.85
3855,3.85
3856,3.85
3857,3.17
3858,3.17
3859,3.18
3860,3.85
3861,3.85
3862,3.85
3863,3.85
3864,3.44
3865,3.44
3866,3.44
3867,3.44
3868,3.44
3869,3.44
3870,3.85
3871,3.85
3872,3.85
3873,3.85
3874,3.85
3875,3.85
3876,3.85
3877,3.85
3878,3.57
3879,3.57
3880,3.85
3881,3.85
3882,3.85
3883,3.85
3884,3.58
3885,3.57
3886,3.58
3887,3.58
3888,3.57
3889,3.57
3890,4.0
3891,4.0
3892,4.0
3893,4.0
3894,4.0
3895,4.0
3896,4.0
3897,4.0
3898,4.0
3899,4.0
3900,3.85
3901,3.85
3902,3.85
3903,3.85
3904,3.85
3905,3.85
3906,3.85
3907,3.85
3908,4.48
3909,4.48
3910,3.72
3911,3.72
3912,3.72
3913,3.72
3914,3.72
3915,3.72
3916,3.72
3917,3.72
3918,3.72
3919,3.71
3920,3.8
3921,3.79
3922,3.8
3923,3.8
3924,3.79
3925,3.8
3926,3.79
3927,3.8
3928,3.8
3929,3.8
3930,3.84
3931,3.84
3932,3.84
3933,3.84
3934,3.84
3935,3.84
3936,4.13
3937,4.13
3938,4.13
3939,4.12
3940,3.84
3941,3.84
3942,3.84
3943,3.84
3944,3.84
3945,3.5
3946,3.5
3947,3.5
3948,3.5
3949,3.5
3950,3.84
3951,3.84
3952,3.84
3953,3.57
3954,3.6
3955,3.6
3956,3.59
3957,3.6
3958,3.57
3959,3.6
3960,5.0
3961,5.0
3962,5.0
3963,5.0
3964,5.0
3965,5.0
3966,5.0
3967,5.0
3968,5.0
3969,5.0
